{"cameraMode":{"drawMode":0,"name":"Shaded","section":"Shading Mode"},"sceneLighting":true,"audioPlay":false,"sceneViewState":{"m_AlwaysRefresh":false,"showFog":true,"showSkybox":true,"showFlares":true,"showImageEffects":true,"showParticleSystems":true,"showVisualEffectGraphs":true,"m_FxEnabled":true},"in2DMode":false,"pivot":{"x":-2.340747594833374,"y":-1.7995884418487549,"z":-1.9642266035079957},"rotation":{"x":0.33245399594306948,"y":0.07064294815063477,"z":-0.024980859830975534,"w":0.9401389956474304},"size":5.48201322555542,"orthographic":false}